{"id": 0, "stanje": -88, "seznam_transakcij": [[1566397973.168618, 1200, 0, "Posojilo", "RIP KESH"], [1566398303.978234, 12, 1, 0, ""], [1566398354.41063, 122, 0, 2, ""], [1566398368.577938, 23, 1, 3, ""], [1566398477.403132, 2222, 1, 0, ""], [1566398483.567014, 2222, 1, 0, ""], [1566398486.670571, 2222, 1, 0, ""], [1566398628.065556, 23, 0, 0, ""], [1566398706.523827, 12, 0, 0, ""], [1566399743.774025, 22, 1, 6, ""], [1566399811.579716, 0, 0, 0, ""], [1566399890.460308, 20, 0, 1, ""], [1566399969.494054, 1500, 1, 0, "asadsasd"], [1566400080.705673, 1200, 1, 0, "Epilog august"], [1566400184.460499, 9356, 0, 4, "Kupu sstanvanje"], [1566407197.17021, 100, 0, 2, "Aki"], {"cas": 1566419681.21706, "znesek": 12, "tip": 1, "kategorija": 7, "komentar": "moj test"}]}